Content,Age Group
Exercise for a Healthy Heart,All
Nutrition and Diabetes,30+
Managing Stress,All
Aging Gracefully,40+
Weight Loss Tips,All
Healthy Eating Habits,All
Mental Health Matters,All
Couch to 5K Running Program,All
Pregnancy Nutrition,19-35
Strength Training for Seniors,60+
Healthy Recipes,All
Stress Reduction Techniques,All
Walking for Weight Loss,All
Tai Chi for Seniors,60+
Meditation and Mindfulness,All
Yoga for Flexibility,All
Cardio Workouts,All
Healthy Aging Tips,All
Gardening for Seniors,60+
Exercise for Teens,19-24
Dental Care for All Ages,All
